{"cameraMode":{"drawMode":0,"name":"Shaded","section":"Shading Mode"},"sceneLighting":false,"audioPlay":false,"sceneViewState":{"showFog":true,"showMaterialUpdate":true,"showSkybox":true,"showFlares":true,"showImageEffects":true,"showParticleSystems":true},"in2DMode":false,"pivot":{"x":0.29828888177871706,"y":-1.6792070865631104,"z":2.1279115676879885},"rotation":{"x":-0.22476311028003694,"y":-0.030106671154499055,"z":0.006948002148419619,"w":-0.9739254713058472},"size":6.361550331115723,"orthographic":false}